instruction,reference,generated
I got to add an item to the cart,"I'll get right on it! I'm here to assist you in adding an item to your cart. Here's a step-by-step guide to help you out:

1. Browse through our {{Product Catalog}} to find the item you want to add to your cart.
2. Once you've found the item, click on the ""{{Add to Cart}}"" button or select the desired quantity from the available options.
3. You'll be redirected to your cart page, where you can review your selected items.
4. If you want to continue shopping, simply click on the ""{{Continue Shopping}}"" button, and you'll be taken back to the catalog.
5. If you're ready to proceed, click on the ""{{Checkout}}"" button to finalize your purchase.

If you encounter any difficulties during this process, please don't hesitate to let me know. I'm here to help you with any questions or concerns you may have. Happy shopping!","Sure, I'm glad to help you add an item to your cart. However, you didn't provide any specific details about the item you're trying to add. Could you please provide more details such as the name of the item, its price, or any other relevant information? 

Once you provide these details, I'll be able to assist you better."
